<?xml version="1.0" encoding="UTF-8"?>
<plugin_manifest xmlns="http://www.elgg.org/plugin_manifest/1.8">
	<name>Live Notifications</name>
	<author>Fernando Vega Cervantes</author>
	<version>1.8.0</version>
	<category>bundled</category>
	<description>New Ajax Notifier of personal and group interactions</description>
	<website>https://github.com/fernandovega/live_notifications</website>
	<copyright>See COPYRIGHT.txt</copyright>
	<license>GNU General Public License version 2</license>
	<requires>
		<type>elgg_release</type>
		<version>1.8</version>
	</requires>
</plugin_manifest>
